Order_ID,Request_Type,Zone,Demand,Time
2020-03-02-01,1,Z32,2,540
2020-03-02-02,2,Z27,9,555
2020-03-02-03,1,Z04,3,570
2020-03-02-04,1,Z22,5,570
2020-03-02-05,2,Z31,7,590
2020-03-02-06,2,Z29,3,600
2020-03-02-07,1,Z25,2,600
2020-03-02-08,1,Z01,3,630
2020-03-02-09,2,Z03,2,630
2020-03-02-10,1,Z11,5,640
2020-03-02-11,2,Z08,6,660
2020-03-02-12,2,Z06,3,660
2020-03-02-13,1,Z18,3,690
2020-03-02-14,2,Z21,1,705
2020-03-02-15,1,Z24,8,720
2020-03-02-16,1,Z27,3,735
2020-03-02-17,1,Z30,3,750
2020-03-02-18,2,Z33,9,780
2020-03-02-19,2,Z01,1,795
2020-03-02-20,2,Z05,6,795
2020-03-02-21,1,Z10,1,795
2020-03-02-22,2,Z06,4,825
2020-03-02-23,2,Z04,5,840