Order_ID,Request_Type,Zone,Demand,Start_TW,End_TW,Port
1,1,Z03,3,570,575,MSP
2,2,Z06,3,560,565,MSP
3,1,Z12,3,599,604,MSP
4,2,Z04,2,571,576,MSP
5,1,Z05,1,597,602,MSP
6,2,Z16,2,605,610,MSP
7,1,Z13,2,631,636,MSP
8,2,Z11,4,612,617,MSP
9,1,Z10,4,635,640,MSP
10,2,Z01,1,636,641,MSP
11,1,Z02,2,635,640,MSP
12,2,Z07,1,650,655,MSP
13,1,Z08,2,635,640,MSP
14,2,Z09,1,642,647,MSP
15,1,Z14,2,633,638,MSP
16,2,Z17,2,566,571,West
17,1,Z20,3,566,571,West
18,2,Z30,1,549,554,West
19,1,Z19,4,589,594,West
20,2,Z22,3,568,573,West
21,1,Z29,3,612,617,West
22,2,Z24,2,625,630,West
23,1,Z25,2,636,641,West
24,2,Z18,1,636,641,West
25,1,Z28,2,642,647,West
