Order_ID,Request_Type,Zone,Demand,Start_TW,End_TW
2020-03-02-01,1,Z28,2,540,560
2020-03-02-02,2,Z27,9,555,590
2020-03-02-03,1,Z04,3,570,600
2020-03-02-04,2,Z22,5,570,590
2020-03-02-05,1,Z23,7,590,595
2020-03-02-06,2,Z29,3,600,620
2020-03-02-07,1,Z25,2,600,630
2020-03-02-08,2,Z01,3,630,645
2020-03-02-09,1,Z03,2,630,640
2020-03-02-10,2,Z11,5,640,650
2020-03-02-11,1,Z08,6,660,670
2020-03-02-12,2,Z06,3,610,630
2020-03-02-13,1,Z18,3,690,750
2020-03-02-14,2,Z21,1,705,725
2020-03-02-15,1,Z24,8,720,730
2020-03-02-16,2,Z27,3,735,745
2020-03-02-17,1,Z30,3,750,780
